{"_runtime":19,"Epsilon":0.050000000000000044,"_timestamp":1.7549329379741435e+09,"_step":999,"Reward":-200,"_wandb":{"runtime":19}}