{"_timestamp":1.7549215045086503e+09,"_step":999,"Reward":-157,"_wandb":{"runtime":20},"_runtime":20,"Epsilon":0.050000000000000044}