{"_timestamp":1.7549397290686579e+09,"_step":4999,"_wandb":{"runtime":131},"_runtime":131,"Reward":-200,"Epsilon":0.050000000000000044}