{"Epsilon":0.050000000000000044,"_timestamp":1.7549154301389365e+09,"_wandb":{"runtime":17},"_runtime":17,"_step":983,"Reward":-200}