{"_runtime":7,"Reward":-200,"Epsilon":0.8819625,"_timestamp":1.7549160209751525e+09,"_step":497,"_wandb":{"runtime":7}}