{"_step":4999,"_wandb":{"runtime":97},"_runtime":97,"Reward":-200,"Epsilon":0.050000000000000044,"_timestamp":1.7548962728775675e+09}