{"Reward":-200,"Epsilon":0.050000000000000044,"_wandb":{"runtime":94},"_runtime":94,"_timestamp":1.7549189039712892e+09,"_step":4999}