{"Reward":-200,"Epsilon":0.050000000000000044,"_timestamp":1.754898793490909e+09,"_step":4999,"_wandb":{"runtime":107},"_runtime":107}