{"_timestamp":1.7548608111421602e+09,"_wandb":{"runtime":19},"_runtime":19,"_step":999,"Reward":-200,"Epsilon":0.050000000000000044}