{"_wandb":{"runtime":19},"_runtime":19,"Epsilon":0.050000000000000044,"_timestamp":1.754922109090704e+09,"_step":999,"Reward":-200}