{"_timestamp":1.7548991498332846e+09,"_step":4999,"Reward":-200,"Epsilon":0.050000000000000044,"_wandb":{"runtime":93},"_runtime":93}