{"_timestamp":1.7549106631342037e+09,"_step":499,"_wandb":{"runtime":9},"_runtime":9,"Reward":-200,"Epsilon":0.050000000000000044}