{"_timestamp":1.754946920319306e+09,"_step":4999,"_wandb":{"runtime":99},"_runtime":99,"Reward":-200,"Epsilon":0.050000000000000044}