{"_step":1999,"Reward":-200,"_wandb":{"runtime":37},"_runtime":37,"Epsilon":0.050000000000000044,"_timestamp":1.7549176182338595e+09}