{"Epsilon":0.050000000000000044,"_wandb":{"runtime":18},"_runtime":18,"_timestamp":1.7549481898805099e+09,"_step":999,"Reward":-200}