{"Epsilon":0.050000000000000044,"_timestamp":1.7549113982909849e+09,"_wandb":{"runtime":69},"_runtime":69,"_step":3712,"Reward":-200}