{"Reward":-200,"Epsilon":0.050000000000000044,"_timestamp":1.7549522821350548e+09,"_step":4999,"_wandb":{"runtime":103},"_runtime":103}