{"_step":1999,"_wandb":{"runtime":40},"_runtime":40,"Reward":-151,"Epsilon":0.050000000000000044,"_timestamp":1.7549189935158372e+09}