{"_runtime":99,"Epsilon":0.050000000000000044,"_timestamp":1.754935489121793e+09,"_step":4999,"Reward":-200,"_wandb":{"runtime":99}}