{"_timestamp":1.754920264579397e+09,"_step":4999,"_wandb":{"runtime":103},"_runtime":103,"Reward":-200,"Epsilon":0.050000000000000044}