{"Epsilon":0.050000000000000044,"_timestamp":1.7549462074276934e+09,"_step":1461,"Reward":-200,"_wandb":{"runtime":30},"_runtime":30}