{"_runtime":96,"Reward":-200,"Epsilon":0.050000000000000044,"_timestamp":1.7549092623700328e+09,"_step":4999,"_wandb":{"runtime":96}}