{"Reward":-200,"Epsilon":0.050000000000000044,"_wandb":{"runtime":36},"_runtime":36,"_timestamp":1.7549160061649623e+09,"_step":1999}