{"_runtime":37,"Reward":-180,"Epsilon":0.050000000000000044,"_timestamp":1.7549288437733421e+09,"_step":1999,"_wandb":{"runtime":37}}