{"Epsilon":0.050000000000000044,"_timestamp":1.754935935026449e+09,"_step":999,"Reward":-200,"_wandb":{"runtime":20},"_runtime":20}