{"Reward":-200,"Epsilon":0.050000000000000044,"_timestamp":1.7549123693111386e+09,"_wandb":{"runtime":18},"_runtime":18,"_step":999}