{"_wandb":{"runtime":93},"_runtime":93,"Reward":-200,"Epsilon":0.050000000000000044,"_timestamp":1.7548998023207812e+09,"_step":4999}