{"Reward":-200,"_wandb":{"runtime":89},"_runtime":89,"Epsilon":0.050000000000000044,"_timestamp":1.7548983031634161e+09,"_step":4999}