{"_wandb":{"runtime":100},"_runtime":100,"Reward":-200,"Epsilon":0.050000000000000044,"_timestamp":1.7549090645889342e+09,"_step":4999}