{"_wandb":{"runtime":18},"_runtime":18,"Epsilon":0.050000000000000044,"_timestamp":1.7549074356604726e+09,"_step":1035,"Reward":-200}