{"_step":4999,"Reward":-200,"Epsilon":0.050000000000000044,"_timestamp":1.7549014234365752e+09,"_wandb":{"runtime":91},"_runtime":91}