{"_step":4999,"Reward":-200,"Epsilon":0.050000000000000044,"_timestamp":1.754895055226151e+09,"_wandb":{"runtime":88},"_runtime":88}