{"_wandb":{"runtime":19},"_runtime":19,"Reward":-200,"Epsilon":0.050000000000000044,"_timestamp":1.7549132954604163e+09,"_step":999}