{"_wandb":{"runtime":18},"_runtime":18,"Reward":-200,"Epsilon":0.050000000000000044,"_timestamp":1.7548998453887696e+09,"_step":999}