{"_runtime":38,"Epsilon":0.050000000000000044,"_timestamp":1.754920959505781e+09,"_step":1999,"Reward":-200,"_wandb":{"runtime":38}}