{"_wandb":{"runtime":104},"_runtime":104,"Reward":-200,"Epsilon":0.050000000000000044,"_timestamp":1.7549086599621387e+09,"_step":4999}