{"_runtime":9,"_timestamp":1.7549010704214222e+09,"_step":499,"Reward":-200,"Epsilon":0.050000000000000044,"_wandb":{"runtime":9}}