{"_timestamp":1.7548920825426617e+09,"_step":1999,"_wandb":{"runtime":37},"_runtime":37,"Reward":-200,"Epsilon":0.050000000000000044}