{"_step":499,"Reward":-200,"Epsilon":0.050000000000000044,"_wandb":{"runtime":9},"_runtime":9,"_timestamp":1.7549108602366712e+09}