{"Reward":-185,"Epsilon":0.050000000000000044,"_timestamp":1.7549399469739485e+09,"_step":499,"_wandb":{"runtime":8},"_runtime":8}