{"_step":1999,"_wandb":{"runtime":38},"_runtime":38,"Reward":-200,"Epsilon":0.050000000000000044,"_timestamp":1.7548608568330238e+09}