{"_runtime":20,"Epsilon":0.050000000000000044,"_timestamp":1.7549230811592286e+09,"_step":999,"Reward":-200,"_wandb":{"runtime":20}}