{"_step":1999,"_wandb":{"runtime":44},"_runtime":44,"Reward":-200,"Epsilon":0.050000000000000044,"_timestamp":1.7549515868644402e+09}