{"Epsilon":0.050000000000000044,"_timestamp":1.7549020188343098e+09,"_step":4999,"_wandb":{"runtime":97},"_runtime":97,"Reward":-200}