{"Epsilon":0.050000000000000044,"_timestamp":1.7549322901726239e+09,"_step":4999,"_wandb":{"runtime":103},"_runtime":103,"Reward":-200}