{"_step":381,"Reward":-200,"Epsilon":0.050000000000000044,"_wandb":{"runtime":6},"_runtime":6,"_timestamp":1.7548979438199732e+09}