{"_step":1999,"_wandb":{"runtime":39},"_runtime":39,"Reward":-200,"Epsilon":0.050000000000000044,"_timestamp":1.7548620214495707e+09}