{"Epsilon":0.050000000000000044,"_timestamp":1.7548637048333013e+09,"_wandb":{"runtime":33},"_runtime":33,"_step":1999,"Reward":-200}