{"_runtime":9,"Epsilon":0.050000000000000044,"_timestamp":1.7549310973594515e+09,"_step":499,"Reward":-200,"_wandb":{"runtime":9}}