{"_wandb":{"runtime":95},"_runtime":95,"Reward":-200,"Epsilon":0.050000000000000044,"_timestamp":1.7549356819116871e+09,"_step":4999}