{"_timestamp":1.7548964756360505e+09,"_step":499,"_wandb":{"runtime":9},"_runtime":9,"Reward":-200,"Epsilon":0.050000000000000044}