{"_step":499,"Reward":-200,"_wandb":{"runtime":9},"_runtime":9,"Epsilon":0.050000000000000044,"_timestamp":1.7549337532350056e+09}