{"_step":499,"Reward":-200,"Epsilon":0.050000000000000044,"_timestamp":1.7549242299843826e+09,"_wandb":{"runtime":10},"_runtime":10}