{"Epsilon":0.050000000000000044,"_timestamp":1.7549080712587407e+09,"_step":499,"_wandb":{"runtime":9},"_runtime":9,"Reward":-200}