{"_timestamp":1.7549382877557776e+09,"_step":4999,"Reward":-200,"Epsilon":0.050000000000000044,"_wandb":{"runtime":102},"_runtime":102}