{"Epsilon":0.050000000000000044,"_timestamp":1.7549056715227363e+09,"_wandb":{"runtime":18},"_runtime":18,"_step":999,"Reward":-200}