{"_runtime":92,"_step":4999,"Reward":-200,"Epsilon":0.050000000000000044,"_timestamp":1.7548981203589945e+09,"_wandb":{"runtime":92}}