{"Reward":-200,"Epsilon":0.21150000000000002,"_timestamp":1.7549036097756076e+09,"_wandb":{"runtime":22},"_runtime":22,"_step":1328}