{"_wandb":{"runtime":40},"_runtime":40,"_step":1999,"Reward":-200,"Epsilon":0.050000000000000044,"_timestamp":1.754951237295072e+09}