{"_runtime":36,"Reward":-170,"Epsilon":0.050000000000000044,"_timestamp":1.7549292157232473e+09,"_step":1999,"_wandb":{"runtime":36}}