{"_runtime":95,"Epsilon":0.050000000000000044,"_timestamp":1.7548921935062516e+09,"_step":4999,"Reward":-200,"_wandb":{"runtime":95}}