{"_timestamp":1.754935781348977e+09,"_wandb":{"runtime":41},"_runtime":41,"_step":1999,"Reward":-200,"Epsilon":0.050000000000000044}