{"_step":4999,"_wandb":{"runtime":100},"_runtime":100,"Reward":-200,"Epsilon":0.050000000000000044,"_timestamp":1.7549530163748336e+09}