{"Reward":-200,"Epsilon":0.050000000000000044,"_timestamp":1.7549059063787966e+09,"_wandb":{"runtime":35},"_runtime":35,"_step":1999}