{"_wandb":{"runtime":8},"_runtime":8,"Epsilon":0.7120312500000001,"_timestamp":1.7549519562313051e+09,"_step":485,"Reward":-200}