{"_timestamp":1.7549127911393077e+09,"_wandb":{"runtime":35},"_runtime":35,"_step":1999,"Reward":-200,"Epsilon":0.050000000000000044}