{"_step":4999,"Reward":-200,"_wandb":{"runtime":97},"_runtime":97,"Epsilon":0.050000000000000044,"_timestamp":1.7548598040652738e+09}