{"Epsilon":0.050000000000000044,"_timestamp":1.7549402161753864e+09,"_wandb":{"runtime":38},"_runtime":38,"_step":1999,"Reward":-200}