{"_wandb":{"runtime":90},"_runtime":90,"_timestamp":1.7549130738551805e+09,"_step":4605,"Reward":-200,"Epsilon":0.050000000000000044}