{"_step":2250,"_wandb":{"runtime":41},"_runtime":41,"Reward":-200,"Epsilon":0.14500000000000002,"_timestamp":1.7549528196159785e+09}