{"Epsilon":0.050000000000000044,"_timestamp":1.754897591986036e+09,"_step":4999,"_wandb":{"runtime":95},"_runtime":95,"Reward":-200}