{"Reward":-200,"_wandb":{"runtime":19},"_runtime":19,"Epsilon":0.050000000000000044,"_timestamp":1.7548642259093997e+09,"_step":999}