{"_timestamp":1.7549392931127186e+09,"_step":499,"_wandb":{"runtime":9},"_runtime":9,"Reward":-170,"Epsilon":0.050000000000000044}