{"Epsilon":0.050000000000000044,"_timestamp":1.75491793000483e+09,"_step":499,"Reward":-200,"_wandb":{"runtime":10},"_runtime":10}