{"_wandb":{"runtime":0},"_runtime":0,"Reward":-200,"Epsilon":0.9984166666666666,"_timestamp":1.7548990076482148e+09,"_step":1}