{"Reward":-200,"Epsilon":0.050000000000000044,"_timestamp":1.7548628968562279e+09,"_step":499,"_wandb":{"runtime":9},"_runtime":9}