{"_runtime":10,"Reward":-200,"Epsilon":0.050000000000000044,"_timestamp":1.754933316405621e+09,"_step":499,"_wandb":{"runtime":10}}