{"_step":1999,"_wandb":{"runtime":42},"_runtime":42,"Reward":-200,"Epsilon":0.050000000000000044,"_timestamp":1.7549168353286326e+09}