{"_wandb":{"runtime":36},"_runtime":36,"_step":1999,"Reward":-200,"Epsilon":0.050000000000000044,"_timestamp":1.7548980213026302e+09}