{"_wandb":{"runtime":99},"_runtime":99,"_timestamp":1.7549297118776174e+09,"_step":4999,"Reward":-169,"Epsilon":0.050000000000000044}