{"_wandb":{"runtime":9},"_runtime":9,"Reward":-200,"Epsilon":0.050000000000000044,"_timestamp":1.7549503539684968e+09,"_step":499}