{"_step":4999,"_wandb":{"runtime":88},"_runtime":88,"Reward":-162,"Epsilon":0.050000000000000044,"_timestamp":1.7549148045198393e+09}