{"_runtime":8,"_timestamp":1.7549145225166311e+09,"_step":525,"Reward":-200,"Epsilon":0.50125,"_wandb":{"runtime":8}}