{"Epsilon":0.050000000000000044,"_timestamp":1.7549306589226837e+09,"_step":499,"_wandb":{"runtime":10},"_runtime":10,"Reward":-200}