{"Epsilon":0.050000000000000044,"_timestamp":1.7549384946128318e+09,"_step":4999,"_wandb":{"runtime":101},"_runtime":101,"Reward":-200}