{"_timestamp":1.7549276033885913e+09,"_step":999,"Reward":-200,"_wandb":{"runtime":20},"_runtime":20,"Epsilon":0.050000000000000044}