{"_wandb":{"runtime":94},"_runtime":94,"_step":4999,"Reward":-200,"Epsilon":0.050000000000000044,"_timestamp":1.7549031608219752e+09}