{"_runtime":18,"Reward":-200,"Epsilon":0.050000000000000044,"_timestamp":1.7549043291387825e+09,"_step":999,"_wandb":{"runtime":18}}