{"Epsilon":0.050000000000000044,"_timestamp":1.754905247903605e+09,"_wandb":{"runtime":94},"_runtime":94,"_step":4999,"Reward":-200}