{"_wandb":{"runtime":36},"_runtime":36,"_timestamp":1.7549034332870336e+09,"_step":1999,"Reward":-200,"Epsilon":0.050000000000000044}