{"_timestamp":1.754937317786325e+09,"_step":4999,"_wandb":{"runtime":102},"_runtime":102,"Reward":-200,"Epsilon":0.050000000000000044}