{"Reward":-200,"Epsilon":0.050000000000000044,"_timestamp":1.7549191230321553e+09,"_step":499,"_wandb":{"runtime":9},"_runtime":9}