{"_runtime":19,"_step":999,"Reward":-200,"Epsilon":0.050000000000000044,"_timestamp":1.754932742501671e+09,"_wandb":{"runtime":19}}