{"Reward":-200,"Epsilon":0.050000000000000044,"_timestamp":1.7549230299172523e+09,"_step":4999,"_wandb":{"runtime":100},"_runtime":100}