{"_runtime":99,"_timestamp":1.7549220672759655e+09,"_step":4999,"Reward":-200,"Epsilon":0.050000000000000044,"_wandb":{"runtime":99}}