{"_timestamp":1.7548976321736479e+09,"_step":999,"Reward":-200,"_wandb":{"runtime":18},"_runtime":18,"Epsilon":0.050000000000000044}