{"_timestamp":1.754930121909839e+09,"_step":999,"_wandb":{"runtime":19},"_runtime":19,"Reward":-200,"Epsilon":0.050000000000000044}