{"_runtime":103,"_step":4999,"Reward":-200,"Epsilon":0.050000000000000044,"_timestamp":1.7549371165682447e+09,"_wandb":{"runtime":103}}