{"_step":1999,"_wandb":{"runtime":39},"_runtime":39,"Reward":-200,"Epsilon":0.050000000000000044,"_timestamp":1.7549099492554662e+09}