{"_timestamp":1.754939931487673e+09,"_wandb":{"runtime":100},"_runtime":100,"_step":4999,"Reward":-200,"Epsilon":0.050000000000000044}