{"_step":4999,"_wandb":{"runtime":92},"_runtime":92,"Reward":-177,"Epsilon":0.050000000000000044,"_timestamp":1.7549196850343573e+09}