{"Epsilon":0.050000000000000044,"_timestamp":1.7548647754640994e+09,"_step":4999,"Reward":-200,"_wandb":{"runtime":93},"_runtime":93}