{"_timestamp":1.7549148461118793e+09,"_step":999,"_wandb":{"runtime":18},"_runtime":18,"Reward":-200,"Epsilon":0.050000000000000044}