{"_timestamp":1.754914624727486e+09,"_step":4999,"_wandb":{"runtime":94},"_runtime":94,"Reward":-200,"Epsilon":0.050000000000000044}