{"_wandb":{"runtime":19},"_runtime":19,"Reward":-200,"Epsilon":0.050000000000000044,"_timestamp":1.7548935590323339e+09,"_step":999}