{"Reward":-185,"_wandb":{"runtime":18},"_runtime":18,"Epsilon":0.050000000000000044,"_timestamp":1.754928984822674e+09,"_step":999}