{"_timestamp":1.7548590454313385e+09,"_step":4999,"Reward":-134,"_wandb":{"runtime":91},"_runtime":91,"Epsilon":0.050000000000000044}