{"Reward":-200,"_wandb":{"runtime":39},"_runtime":39,"Epsilon":0.050000000000000044,"_timestamp":1.7549264646327531e+09,"_step":1999}