{"_step":499,"Reward":-200,"Epsilon":0.050000000000000044,"_timestamp":1.754916548238024e+09,"_wandb":{"runtime":11},"_runtime":11}