{"Reward":-200,"Epsilon":0.050000000000000044,"_timestamp":1.7549295199211955e+09,"_step":499,"_wandb":{"runtime":10},"_runtime":10}