{"Reward":-200,"_wandb":{"runtime":100},"_runtime":100,"Epsilon":0.050000000000000044,"_timestamp":1.7549183136528473e+09,"_step":4999}