{"_timestamp":1.7549006289221637e+09,"_wandb":{"runtime":13},"_runtime":13,"_step":780,"Reward":-127,"Epsilon":0.050000000000000044}