{"_runtime":0,"Reward":-200,"Epsilon":0.9964375,"_timestamp":1.7548949610025806e+09,"_step":6,"_wandb":{"runtime":0}}