{"_wandb":{"runtime":38},"_runtime":38,"Reward":-200,"Epsilon":0.050000000000000044,"_timestamp":1.7549141870901186e+09,"_step":1999}