{"_wandb":{"runtime":92},"_runtime":92,"Reward":-179,"Epsilon":0.050000000000000044,"_timestamp":1.754924584906486e+09,"_step":4999}