{"Epsilon":0.050000000000000044,"_timestamp":1.7549514842591782e+09,"_wandb":{"runtime":80},"_runtime":80,"_step":4072,"Reward":-200}