{"_timestamp":1.7549054435007012e+09,"_wandb":{"runtime":93},"_runtime":93,"_step":4999,"Reward":-200,"Epsilon":0.050000000000000044}