{"Reward":-200,"Epsilon":0.050000000000000044,"_timestamp":1.7549166237782218e+09,"_wandb":{"runtime":43},"_runtime":43,"_step":1999}