{"Epsilon":0.050000000000000044,"_timestamp":1.7549121314057226e+09,"_step":4999,"Reward":-200,"_wandb":{"runtime":95},"_runtime":95}