{"_step":4999,"Reward":-200,"Epsilon":0.050000000000000044,"_wandb":{"runtime":92},"_runtime":92,"_timestamp":1.754910453563812e+09}