{"_timestamp":1.75490296584204e+09,"_step":4999,"Reward":-200,"_wandb":{"runtime":95},"_runtime":95,"Epsilon":0.050000000000000044}