{"Epsilon":0.050000000000000044,"_timestamp":1.7549126007700644e+09,"_step":1999,"Reward":-200,"_wandb":{"runtime":36},"_runtime":36}