{"_timestamp":1.7549264108810105e+09,"_step":999,"Reward":-155,"Epsilon":0.050000000000000044,"_wandb":{"runtime":18},"_runtime":18}