{"Reward":-127,"_wandb":{"runtime":10},"_runtime":10,"Epsilon":0.050000000000000044,"_timestamp":1.7549344797552953e+09,"_step":499}