{"_runtime":76,"_timestamp":1.754914277434088e+09,"_step":4040,"Reward":-200,"Epsilon":0.050000000000000044,"_wandb":{"runtime":76}}