{"_runtime":38,"Epsilon":0.050000000000000044,"_timestamp":1.7549064852972832e+09,"_step":1999,"Reward":-200,"_wandb":{"runtime":38}}