{"_wandb":{"runtime":37},"_runtime":37,"_step":1999,"Reward":-200,"Epsilon":0.050000000000000044,"_timestamp":1.7549242994336903e+09}