{"Epsilon":0.050000000000000044,"_timestamp":1.7549132710190513e+09,"_step":301,"_wandb":{"runtime":5},"_runtime":5,"Reward":-200}