{"Epsilon":0.050000000000000044,"_wandb":{"runtime":38},"_runtime":38,"_timestamp":1.7548953385348396e+09,"_step":1999,"Reward":-200}