{"_runtime":109,"Reward":-200,"Epsilon":0.050000000000000044,"_timestamp":1.7549084587012866e+09,"_step":4999,"_wandb":{"runtime":109}}