{"Reward":-200,"Epsilon":0.050000000000000044,"_wandb":{"runtime":90},"_runtime":90,"_timestamp":1.7548993366410036e+09,"_step":4999}