{"Reward":-200,"Epsilon":0.050000000000000044,"_timestamp":1.754899000650095e+09,"_wandb":{"runtime":9},"_runtime":9,"_step":499}