{"_wandb":{"runtime":18},"_runtime":18,"Reward":-200,"Epsilon":0.050000000000000044,"_timestamp":1.7549045153464508e+09,"_step":999}