{"_runtime":21,"_step":999,"Reward":-200,"Epsilon":0.050000000000000044,"_timestamp":1.7549167879328933e+09,"_wandb":{"runtime":21}}