{"_timestamp":1.7548936034166577e+09,"_step":1999,"Reward":-200,"_wandb":{"runtime":37},"_runtime":37,"Epsilon":0.050000000000000044}