{"_wandb":{"runtime":36},"_runtime":36,"Reward":-200,"Epsilon":0.050000000000000044,"_timestamp":1.7549013260078604e+09,"_step":1999}