{"Epsilon":0.050000000000000044,"_timestamp":1.754863339037548e+09,"_step":1999,"_wandb":{"runtime":38},"_runtime":38,"Reward":-200}