{"_step":4999,"Reward":-200,"_wandb":{"runtime":102},"_runtime":102,"Epsilon":0.050000000000000044,"_timestamp":1.754920465323373e+09}