{"Epsilon":0.050000000000000044,"_timestamp":1.7548603920297177e+09,"_step":4999,"Reward":-200,"_wandb":{"runtime":94},"_runtime":94}