{"_step":1999,"_wandb":{"runtime":40},"_runtime":40,"Reward":-200,"Epsilon":0.050000000000000044,"_timestamp":1.7548585439858687e+09}