{"_timestamp":1.7549018209002147e+09,"_step":4999,"_wandb":{"runtime":96},"_runtime":96,"Reward":-200,"Epsilon":0.050000000000000044}