{"_runtime":10,"Reward":-138,"Epsilon":0.050000000000000044,"_timestamp":1.7549283703358014e+09,"_step":499,"_wandb":{"runtime":10}}