{"_timestamp":1.754863148476071e+09,"_wandb":{"runtime":38},"_runtime":38,"_step":1999,"Reward":-200,"Epsilon":0.050000000000000044}