{"Reward":-200,"Epsilon":0.050000000000000044,"_wandb":{"runtime":9},"_runtime":9,"_timestamp":1.754931293379889e+09,"_step":499}