{"Epsilon":0.050000000000000044,"_timestamp":1.7549475247114391e+09,"_step":4999,"_wandb":{"runtime":102},"_runtime":102,"Reward":-200}