{"_timestamp":1.7549321068297188e+09,"_step":499,"Reward":-200,"_wandb":{"runtime":10},"_runtime":10,"Epsilon":0.050000000000000044}