{"Epsilon":0.050000000000000044,"_timestamp":1.7549194876149707e+09,"_wandb":{"runtime":92},"_runtime":92,"_step":4999,"Reward":-182}