{"Epsilon":0.050000000000000044,"_timestamp":1.754928602835021e+09,"_step":999,"_wandb":{"runtime":19},"_runtime":19,"Reward":-175}