{"_wandb":{"runtime":95},"_runtime":95,"Epsilon":0.050000000000000044,"_timestamp":1.7549485364861429e+09,"_step":4999,"Reward":-200}