{"Epsilon":0.050000000000000044,"_wandb":{"runtime":37},"_runtime":37,"_timestamp":1.754947205076419e+09,"_step":1999,"Reward":-200}