{"Epsilon":0.050000000000000044,"_wandb":{"runtime":9},"_runtime":9,"_timestamp":1.7549153793636196e+09,"_step":499,"Reward":-200}