{"_wandb":{"runtime":8},"_runtime":8,"_step":499,"Reward":-200,"Epsilon":0.050000000000000044,"_timestamp":1.7548949274027793e+09}