{"Reward":-200,"Epsilon":0.050000000000000044,"_timestamp":1.7549282449498255e+09,"_wandb":{"runtime":37},"_runtime":37,"_step":1999}