{"_step":1999,"Reward":-200,"Epsilon":0.050000000000000044,"_wandb":{"runtime":39},"_runtime":39,"_timestamp":1.7549506253230803e+09}