{"_wandb":{"runtime":20},"_runtime":20,"Reward":-200,"Epsilon":0.050000000000000044,"_timestamp":1.7549085022559307e+09,"_step":999}