{"_step":4999,"Reward":-161,"Epsilon":0.050000000000000044,"_timestamp":1.75491446407956e+09,"_wandb":{"runtime":92},"_runtime":92}