{"Epsilon":0.050000000000000044,"_wandb":{"runtime":17},"_runtime":17,"_timestamp":1.7549010943979955e+09,"_step":999,"Reward":-157}