{"_step":1999,"Reward":-200,"Epsilon":0.050000000000000044,"_timestamp":1.7548944683586135e+09,"_wandb":{"runtime":37},"_runtime":37}