{"_runtime":101,"_step":4999,"Reward":-200,"Epsilon":0.050000000000000044,"_timestamp":1.7549218565956385e+09,"_wandb":{"runtime":101}}