{"Epsilon":0.40846666666666664,"_timestamp":1.7548996549037616e+09,"_step":934,"_wandb":{"runtime":15},"_runtime":15,"Reward":-200}