{"Epsilon":0.050000000000000044,"_timestamp":1.7549223425841613e+09,"_step":1999,"_wandb":{"runtime":34},"_runtime":34,"Reward":-137}