{"_runtime":9,"Reward":-192,"Epsilon":0.050000000000000044,"_timestamp":1.7549530403075237e+09,"_step":499,"_wandb":{"runtime":9}}