{"_timestamp":1.7548970212554727e+09,"_step":499,"_wandb":{"runtime":8},"_runtime":8,"Reward":-200,"Epsilon":0.050000000000000044}