{"_runtime":93,"Reward":-200,"Epsilon":0.050000000000000044,"_timestamp":1.7549125137112675e+09,"_step":4999,"_wandb":{"runtime":93}}