{"_timestamp":1.7548939739596262e+09,"_step":4999,"Reward":-200,"_wandb":{"runtime":89},"_runtime":89,"Epsilon":0.050000000000000044}