{"_runtime":92,"Epsilon":0.050000000000000044,"_timestamp":1.7548594221571894e+09,"_step":4999,"Reward":-200,"_wandb":{"runtime":92}}