{"_wandb":{"runtime":91},"_runtime":91,"Epsilon":0.050000000000000044,"_timestamp":1.7549046568946857e+09,"_step":4999,"Reward":-200}