{"_timestamp":1.754918705160592e+09,"_step":4999,"_wandb":{"runtime":98},"_runtime":98,"Reward":-200,"Epsilon":0.050000000000000044}