{"Epsilon":0.050000000000000044,"_timestamp":1.754925028305245e+09,"_wandb":{"runtime":20},"_runtime":20,"_step":999,"Reward":-200}