{"Epsilon":0.050000000000000044,"_wandb":{"runtime":36},"_runtime":36,"_timestamp":1.7549105413671632e+09,"_step":1999,"Reward":-200}