{"Reward":-200,"Epsilon":0.050000000000000044,"_timestamp":1.7549157348470592e+09,"_step":4999,"_wandb":{"runtime":93},"_runtime":93}