{"Epsilon":0.050000000000000044,"_timestamp":1.75489387842675e+09,"_wandb":{"runtime":35},"_runtime":35,"_step":1999,"Reward":-200}