{"_runtime":9,"Reward":-200,"Epsilon":0.050000000000000044,"_timestamp":1.7549185268370693e+09,"_step":499,"_wandb":{"runtime":9}}