{"_step":999,"Reward":-180,"_wandb":{"runtime":19},"_runtime":19,"Epsilon":0.050000000000000044,"_timestamp":1.7549284052125483e+09}