{"_runtime":20,"_timestamp":1.7549213029961975e+09,"_step":999,"Reward":-200,"Epsilon":0.050000000000000044,"_wandb":{"runtime":20}}