{"Epsilon":0.050000000000000044,"_wandb":{"runtime":20},"_runtime":20,"_timestamp":1.7549441994392445e+09,"_step":999,"Reward":-200}