{"_step":999,"Reward":-200,"_wandb":{"runtime":18},"_runtime":18,"Epsilon":0.050000000000000044,"_timestamp":1.7549211160542293e+09}