{"_step":499,"Reward":-200,"Epsilon":0.050000000000000044,"_wandb":{"runtime":10},"_runtime":10,"_timestamp":1.754909877124919e+09}