{"Reward":-200,"_wandb":{"runtime":40},"_runtime":40,"Epsilon":0.050000000000000044,"_timestamp":1.7549219590888205e+09,"_step":1999}