{"Reward":-200,"Epsilon":0.050000000000000044,"_wandb":{"runtime":9},"_runtime":9,"_timestamp":1.7548993520853791e+09,"_step":499}