{"Reward":-200,"Epsilon":0.050000000000000044,"_timestamp":1.7548617685826821e+09,"_wandb":{"runtime":8},"_runtime":8,"_step":499}