{"_wandb":{"runtime":9},"_runtime":9,"_step":499,"Reward":-200,"Epsilon":0.050000000000000044,"_timestamp":1.754930302889541e+09}