{"Epsilon":0.050000000000000044,"_timestamp":1.754931371725249e+09,"_step":1999,"Reward":-200,"_wandb":{"runtime":39},"_runtime":39}