{"_step":999,"_wandb":{"runtime":20},"_runtime":20,"Reward":-200,"Epsilon":0.050000000000000044,"_timestamp":1.754938338896834e+09}