{"_step":4999,"Reward":-200,"_wandb":{"runtime":95},"_runtime":95,"Epsilon":0.050000000000000044,"_timestamp":1.7549022088129458e+09}