{"_wandb":{"runtime":18},"_runtime":18,"Epsilon":0.050000000000000044,"_timestamp":1.754892429354619e+09,"_step":999,"Reward":-200}