{"Reward":-200,"Epsilon":0.050000000000000044,"_timestamp":1.7548995361622539e+09,"_wandb":{"runtime":97},"_runtime":97,"_step":4999}