{"_wandb":{"runtime":18},"_runtime":18,"_timestamp":1.7548638482344506e+09,"_step":999,"Reward":-200,"Epsilon":0.050000000000000044}