{"_timestamp":1.7549026249968855e+09,"_step":999,"Reward":-200,"_wandb":{"runtime":19},"_runtime":19,"Epsilon":0.050000000000000044}