{"Epsilon":0.050000000000000044,"_timestamp":1.7549363025471148e+09,"_step":4999,"_wandb":{"runtime":100},"_runtime":100,"Reward":-200}