{"Reward":-200,"Epsilon":0.050000000000000044,"_timestamp":1.7549319786350675e+09,"_step":1999,"_wandb":{"runtime":41},"_runtime":41}