{"_wandb":{"runtime":9},"_runtime":9,"Reward":-199,"Epsilon":0.050000000000000044,"_timestamp":1.7549402785679355e+09,"_step":499}