{"Reward":-200,"Epsilon":0.050000000000000044,"_wandb":{"runtime":19},"_runtime":19,"_timestamp":1.7548940152699747e+09,"_step":999}