{"_runtime":8,"_timestamp":1.754900185617712e+09,"_step":499,"Reward":-200,"Epsilon":0.050000000000000044,"_wandb":{"runtime":8}}