{"_runtime":104,"Reward":-200,"Epsilon":0.050000000000000044,"_timestamp":1.7549096539405177e+09,"_step":4999,"_wandb":{"runtime":104}}