{"_runtime":95,"Reward":-200,"Epsilon":0.050000000000000044,"_timestamp":1.7549212610083964e+09,"_step":4999,"_wandb":{"runtime":95}}