{"_timestamp":1.7549467205485737e+09,"_step":4999,"_wandb":{"runtime":101},"_runtime":101,"Reward":-200,"Epsilon":0.050000000000000044}