{"_runtime":39,"_timestamp":1.7549301682567992e+09,"_step":1999,"Reward":-200,"Epsilon":0.050000000000000044,"_wandb":{"runtime":39}}