{"Reward":-169,"Epsilon":0.050000000000000044,"_timestamp":1.7549300772678857e+09,"_step":4999,"_wandb":{"runtime":96},"_runtime":96}