{"_runtime":89,"Reward":-200,"Epsilon":0.050000000000000044,"_timestamp":1.7548929409345443e+09,"_step":4999,"_wandb":{"runtime":89}}