{"_timestamp":1.7549291452966692e+09,"_step":499,"_wandb":{"runtime":9},"_runtime":9,"Reward":-191,"Epsilon":0.050000000000000044}