{"Reward":-200,"Epsilon":0.050000000000000044,"_wandb":{"runtime":95},"_runtime":95,"_timestamp":1.754939277717598e+09,"_step":4999}