{"_runtime":92,"Epsilon":0.050000000000000044,"_timestamp":1.7549169328034265e+09,"_step":4419,"Reward":-200,"_wandb":{"runtime":92}}