{"_timestamp":1.754930927642199e+09,"_step":999,"_wandb":{"runtime":20},"_runtime":20,"Reward":-200,"Epsilon":0.050000000000000044}