{"Epsilon":0.050000000000000044,"_timestamp":1.7548959143807974e+09,"_wandb":{"runtime":8},"_runtime":8,"_step":499,"Reward":-200}