{"_runtime":20,"Reward":-200,"Epsilon":0.050000000000000044,"_timestamp":1.7549371602155902e+09,"_step":999,"_wandb":{"runtime":20}}