{"_runtime":8,"Reward":-200,"Epsilon":0.050000000000000044,"_timestamp":1.7548938090616803e+09,"_step":499,"_wandb":{"runtime":8}}