{"Reward":-200,"_wandb":{"runtime":34},"_runtime":34,"Epsilon":0.050000000000000044,"_timestamp":1.7548961686418161e+09,"_step":1999}