{"Reward":-200,"Epsilon":0.050000000000000044,"_timestamp":1.7549263715807762e+09,"_wandb":{"runtime":101},"_runtime":101,"_step":4999}