{"Reward":-200,"Epsilon":0.050000000000000044,"_timestamp":1.7548641746295033e+09,"_step":4999,"_wandb":{"runtime":89},"_runtime":89}