{"_wandb":{"runtime":35},"_runtime":35,"_step":1999,"Reward":-200,"Epsilon":0.050000000000000044,"_timestamp":1.7549047440971396e+09}