{"_runtime":35,"_step":1999,"Reward":-192,"Epsilon":0.050000000000000044,"_timestamp":1.7549293982762403e+09,"_wandb":{"runtime":35}}