{"_runtime":86,"_timestamp":1.7548596074135551e+09,"_step":4999,"Reward":-164,"Epsilon":0.050000000000000044,"_wandb":{"runtime":86}}