{"_wandb":{"runtime":95},"_runtime":95,"Reward":-160,"Epsilon":0.050000000000000044,"_timestamp":1.7549140998981822e+09,"_step":4999}