{"_wandb":{"runtime":38},"_runtime":38,"Reward":-179,"Epsilon":0.050000000000000044,"_timestamp":1.7549237267162886e+09,"_step":1999}