{"_timestamp":1.7549193866413898e+09,"_step":1999,"_wandb":{"runtime":39},"_runtime":39,"Reward":-177,"Epsilon":0.050000000000000044}