{"Epsilon":0.050000000000000044,"_timestamp":1.754860577334482e+09,"_step":4999,"_wandb":{"runtime":92},"_runtime":92,"Reward":-200}