{"_wandb":{"runtime":103},"_runtime":103,"_step":4999,"Reward":-200,"Epsilon":0.050000000000000044,"_timestamp":1.7549463180847394e+09}