{"_wandb":{"runtime":96},"_runtime":96,"Reward":-200,"Epsilon":0.050000000000000044,"_timestamp":1.7548645721842635e+09,"_step":4999}