{"Epsilon":0.050000000000000044,"_timestamp":1.7548647931291275e+09,"_step":499,"Reward":-200,"_wandb":{"runtime":9},"_runtime":9}