{"_wandb":{"runtime":94},"_runtime":94,"Reward":-200,"Epsilon":0.050000000000000044,"_timestamp":1.754913627322223e+09,"_step":4999}