{"_wandb":{"runtime":35},"_runtime":35,"_step":1999,"Reward":-200,"Epsilon":0.050000000000000044,"_timestamp":1.7548618383173175e+09}