{"_timestamp":1.754918401965113e+09,"_step":1999,"_wandb":{"runtime":39},"_runtime":39,"Reward":-200,"Epsilon":0.050000000000000044}