{"_wandb":{"runtime":22},"_runtime":22,"Reward":-200,"Epsilon":0.050000000000000044,"_timestamp":1.7549440428139513e+09,"_step":1151}