{"_timestamp":1.754936111024723e+09,"_step":499,"_wandb":{"runtime":10},"_runtime":10,"Reward":-200,"Epsilon":0.050000000000000044}