{"_step":1999,"Reward":-200,"Epsilon":0.050000000000000044,"_wandb":{"runtime":37},"_runtime":37,"_timestamp":1.7548589386523554e+09}