{"_step":4999,"_wandb":{"runtime":95},"_runtime":95,"Reward":-200,"Epsilon":0.050000000000000044,"_timestamp":1.7548623215480285e+09}