{"Epsilon":0.050000000000000044,"_timestamp":1.754916743993839e+09,"_step":4999,"Reward":-133,"_wandb":{"runtime":105},"_runtime":105}