{"_timestamp":1.7549471164093642e+09,"_step":4999,"Reward":-200,"Epsilon":0.050000000000000044,"_wandb":{"runtime":97},"_runtime":97}