{"Epsilon":0.050000000000000044,"_timestamp":1.7548918874725213e+09,"_step":1999,"_wandb":{"runtime":39},"_runtime":39,"Reward":-200}