{"_wandb":{"runtime":10},"_runtime":10,"Reward":-200,"Epsilon":0.050000000000000044,"_timestamp":1.7549181327620192e+09,"_step":499}