{"_wandb":{"runtime":99},"_runtime":99,"Reward":-200,"Epsilon":0.050000000000000044,"_timestamp":1.7549308860098555e+09,"_step":4999}