{"_wandb":{"runtime":91},"_runtime":91,"Reward":-200,"Epsilon":0.050000000000000044,"_timestamp":1.7549058131076396e+09,"_step":4999}