{"Reward":-200,"Epsilon":0.050000000000000044,"_timestamp":1.7549000287637165e+09,"_step":647,"_wandb":{"runtime":11},"_runtime":11}