{"_timestamp":1.7549243992718306e+09,"_wandb":{"runtime":94},"_runtime":94,"_step":4999,"Reward":-176,"Epsilon":0.050000000000000044}