{"_timestamp":1.7548937347475188e+09,"_step":227,"_wandb":{"runtime":3},"_runtime":3,"Reward":-200,"Epsilon":0.6405833333333333}