{"_runtime":100,"Reward":-200,"Epsilon":0.050000000000000044,"_timestamp":1.7549325050184042e+09,"_step":4999,"_wandb":{"runtime":100}}