{"_timestamp":1.7548977860212834e+09,"_wandb":{"runtime":18},"_runtime":18,"_step":999,"Reward":-200,"Epsilon":0.050000000000000044}