{"_step":1999,"Reward":-200,"_wandb":{"runtime":37},"_runtime":37,"Epsilon":0.050000000000000044,"_timestamp":1.7549199650520573e+09}