{"_timestamp":1.7549468137807066e+09,"_step":1999,"Reward":-200,"Epsilon":0.050000000000000044,"_wandb":{"runtime":40},"_runtime":40}