{"Epsilon":0.050000000000000044,"_wandb":{"runtime":93},"_runtime":93,"_timestamp":1.754898983890612e+09,"_step":4999,"Reward":-200}