{"_step":499,"_wandb":{"runtime":9},"_runtime":9,"Reward":-200,"Epsilon":0.050000000000000044,"_timestamp":1.754950767528086e+09}