{"_timestamp":1.7548596972670166e+09,"_step":1999,"Reward":-200,"_wandb":{"runtime":38},"_runtime":38,"Epsilon":0.050000000000000044}