{"_step":4999,"_wandb":{"runtime":90},"_runtime":90,"Reward":-200,"Epsilon":0.050000000000000044,"_timestamp":1.754904842110859e+09}