{"_runtime":18,"_step":999,"Reward":-177,"Epsilon":0.050000000000000044,"_timestamp":1.7549527223595397e+09,"_wandb":{"runtime":18}}