{"_runtime":41,"_step":1999,"Reward":-200,"Epsilon":0.050000000000000044,"_timestamp":1.754909541769667e+09,"_wandb":{"runtime":41}}