{"_wandb":{"runtime":96},"_runtime":96,"Epsilon":0.050000000000000044,"_timestamp":1.754947315671523e+09,"_step":4999,"Reward":-200}