{"_step":1999,"Reward":-200,"Epsilon":0.050000000000000044,"_timestamp":1.7549400208661077e+09,"_wandb":{"runtime":39},"_runtime":39}