{"_runtime":18,"_step":999,"Reward":-200,"Epsilon":0.050000000000000044,"_timestamp":1.7548586924950302e+09,"_wandb":{"runtime":18}}