{"_runtime":39,"Epsilon":0.050000000000000044,"_timestamp":1.7549478234128556e+09,"_step":1999,"Reward":-200,"_wandb":{"runtime":39}}