{"_runtime":40,"_timestamp":1.754946410210061e+09,"_step":1999,"Reward":-200,"Epsilon":0.050000000000000044,"_wandb":{"runtime":40}}