{"_step":4999,"_wandb":{"runtime":98},"_runtime":98,"Reward":-200,"Epsilon":0.050000000000000044,"_timestamp":1.7549312758565083e+09}