{"_wandb":{"runtime":97},"_runtime":97,"_step":4999,"Reward":-200,"Epsilon":0.050000000000000044,"_timestamp":1.7549326981222854e+09}