{"_wandb":{"runtime":9},"_runtime":9,"_step":499,"Reward":-200,"Epsilon":0.050000000000000044,"_timestamp":1.7548645962806482e+09}