{"_timestamp":1.7549522992282827e+09,"_step":499,"Reward":-190,"_wandb":{"runtime":9},"_runtime":9,"Epsilon":0.050000000000000044}