{"_timestamp":1.7549485818718655e+09,"_wandb":{"runtime":13},"_runtime":13,"_step":659,"Reward":-200,"Epsilon":0.050000000000000044}