{"Epsilon":0.050000000000000044,"_timestamp":1.754908344281731e+09,"_step":1999,"_wandb":{"runtime":42},"_runtime":42,"Reward":-200}