{"_runtime":9,"Epsilon":0.050000000000000044,"_timestamp":1.7549365236176615e+09,"_step":499,"Reward":-200,"_wandb":{"runtime":9}}