{"_wandb":{"runtime":103},"_runtime":103,"Reward":-200,"Epsilon":0.050000000000000044,"_timestamp":1.7549358909908442e+09,"_step":4999}