{"_wandb":{"runtime":27},"_runtime":27,"Reward":-200,"Epsilon":0.10581249999999998,"_timestamp":1.7549448488176446e+09,"_step":1506}