{"_runtime":39,"Reward":-200,"Epsilon":0.050000000000000044,"_timestamp":1.7549376158602993e+09,"_step":1999,"_wandb":{"runtime":39}}