{"Epsilon":0.050000000000000044,"_timestamp":1.754919577836917e+09,"_step":1999,"Reward":-141,"_wandb":{"runtime":39},"_runtime":39}