{"_wandb":{"runtime":96},"_runtime":96,"Reward":-166,"Epsilon":0.050000000000000044,"_timestamp":1.7549238313671448e+09,"_step":4999}