{"_timestamp":1.7549306416079855e+09,"_step":4999,"Reward":-179,"_wandb":{"runtime":93},"_runtime":93,"Epsilon":0.050000000000000044}