{"Reward":-200,"Epsilon":0.050000000000000044,"_timestamp":1.754912327930658e+09,"_wandb":{"runtime":94},"_runtime":94,"_step":4999}