{"_wandb":{"runtime":102},"_runtime":102,"_step":4999,"Reward":-200,"Epsilon":0.050000000000000044,"_timestamp":1.7549346619318256e+09}