{"Epsilon":0.050000000000000044,"_wandb":{"runtime":19},"_runtime":19,"_timestamp":1.7549458298924944e+09,"_step":999,"Reward":-200}