{"Epsilon":0.050000000000000044,"_timestamp":1.7549132605839536e+09,"_wandb":{"runtime":85},"_runtime":85,"_step":4497,"Reward":-200}