{"_step":4999,"Reward":-200,"Epsilon":0.050000000000000044,"_timestamp":1.7548630623128252e+09,"_wandb":{"runtime":90},"_runtime":90}