{"Reward":-200,"Epsilon":0.050000000000000044,"_timestamp":1.7548919933162298e+09,"_step":4999,"_wandb":{"runtime":96},"_runtime":96}