{"Reward":-200,"Epsilon":0.050000000000000044,"_timestamp":1.75493177460104e+09,"_wandb":{"runtime":39},"_runtime":39,"_step":1999}