{"_runtime":10,"_step":499,"Reward":-200,"Epsilon":0.050000000000000044,"_timestamp":1.7549385102864037e+09,"_wandb":{"runtime":10}}