{"_timestamp":1.7549345057997377e+09,"_wandb":{"runtime":19},"_runtime":19,"_step":999,"Reward":-200,"Epsilon":0.050000000000000044}