{"_wandb":{"runtime":57},"_runtime":57,"Reward":-200,"Epsilon":0.050000000000000044,"_timestamp":1.754922598670569e+09,"_step":2804}