{"_timestamp":1.7549505531452954e+09,"_step":499,"Reward":-200,"_wandb":{"runtime":9},"_runtime":9,"Epsilon":0.050000000000000044}