{"_timestamp":1.754927773111961e+09,"_step":499,"_wandb":{"runtime":10},"_runtime":10,"Reward":-200,"Epsilon":0.050000000000000044}