{"_runtime":9,"Reward":-200,"Epsilon":0.050000000000000044,"_timestamp":1.7549134564465652e+09,"_step":499,"_wandb":{"runtime":9}}