{"Epsilon":0.050000000000000044,"_timestamp":1.7549157507339327e+09,"_step":499,"Reward":-200,"_wandb":{"runtime":9},"_runtime":9}