{"_runtime":9,"_timestamp":1.7548974420741627e+09,"_step":499,"Reward":-200,"Epsilon":0.050000000000000044,"_wandb":{"runtime":9}}