{"_wandb":{"runtime":37},"_runtime":37,"Epsilon":0.050000000000000044,"_timestamp":1.7549266654555366e+09,"_step":1999,"Reward":-200}