{"_step":999,"_wandb":{"runtime":21},"_runtime":21,"Reward":-200,"Epsilon":0.050000000000000044,"_timestamp":1.7549165746385567e+09}