{"_runtime":38,"_step":1999,"Reward":-200,"Epsilon":0.050000000000000044,"_timestamp":1.7549482360583336e+09,"_wandb":{"runtime":38}}