{"_timestamp":1.7549214607194943e+09,"_step":4999,"Reward":-200,"_wandb":{"runtime":103},"_runtime":103,"Epsilon":0.050000000000000044}