{"_step":499,"Reward":-200,"Epsilon":0.050000000000000044,"_timestamp":1.7549252098184726e+09,"_wandb":{"runtime":9},"_runtime":9}