{"Epsilon":0.050000000000000044,"_timestamp":1.7548937781389775e+09,"_step":1999,"_wandb":{"runtime":36},"_runtime":36,"Reward":-200}