{"_step":4999,"_wandb":{"runtime":99},"_runtime":99,"Reward":-200,"Epsilon":0.050000000000000044,"_timestamp":1.7549505374883382e+09}