{"_runtime":20,"Reward":-200,"Epsilon":0.050000000000000044,"_timestamp":1.7549511906544151e+09,"_step":999,"_wandb":{"runtime":20}}