{"Reward":-200,"Epsilon":0.050000000000000044,"_wandb":{"runtime":92},"_runtime":92,"_timestamp":1.7549023970618682e+09,"_step":4999}