{"Epsilon":0.050000000000000044,"_timestamp":1.7549357062097533e+09,"_wandb":{"runtime":10},"_runtime":10,"_step":499,"Reward":-200}