{"_wandb":{"runtime":38},"_runtime":38,"Epsilon":0.050000000000000044,"_timestamp":1.7548963601715686e+09,"_step":1999,"Reward":-200}