{"Reward":-200,"Epsilon":0.050000000000000044,"_timestamp":1.7549080541897194e+09,"_step":4999,"_wandb":{"runtime":92},"_runtime":92}