{"_step":999,"Reward":-200,"Epsilon":0.050000000000000044,"_wandb":{"runtime":17},"_runtime":17,"_timestamp":1.7548979763679554e+09}