{"Epsilon":0.050000000000000044,"_timestamp":1.7549134813207927e+09,"_step":999,"Reward":-200,"_wandb":{"runtime":18},"_runtime":18}