{"_wandb":{"runtime":92},"_runtime":92,"Reward":-200,"Epsilon":0.050000000000000044,"_timestamp":1.7548999876569607e+09,"_step":4999}