{"Reward":-200,"Epsilon":0.050000000000000044,"_timestamp":1.7549109377463262e+09,"_step":1999,"_wandb":{"runtime":45},"_runtime":45}