{"_timestamp":1.7549022985274293e+09,"_step":1999,"Reward":-200,"_wandb":{"runtime":36},"_runtime":36,"Epsilon":0.050000000000000044}