{"_runtime":88,"Reward":-200,"Epsilon":0.050000000000000044,"_timestamp":1.7549149859262831e+09,"_step":4999,"_wandb":{"runtime":88}}