{"_timestamp":1.7549189211748378e+09,"_wandb":{"runtime":10},"_runtime":10,"_step":499,"Reward":-200,"Epsilon":0.050000000000000044}