{"_wandb":{"runtime":95},"_runtime":95,"_step":4999,"Reward":-200,"Epsilon":0.050000000000000044,"_timestamp":1.7548985957202578e+09}