{"_step":362,"_wandb":{"runtime":5},"_runtime":5,"Reward":-200,"Epsilon":0.31220000000000003,"_timestamp":1.754906617588412e+09}