{"Reward":-173,"Epsilon":0.050000000000000044,"_timestamp":1.7549247693642986e+09,"_wandb":{"runtime":91},"_runtime":91,"_step":4999}