{"_wandb":{"runtime":39},"_runtime":39,"_step":1999,"Reward":-200,"Epsilon":0.050000000000000044,"_timestamp":1.7549378130170157e+09}