{"_wandb":{"runtime":40},"_runtime":40,"Reward":-200,"Epsilon":0.050000000000000044,"_timestamp":1.754944462771662e+09,"_step":1999}