{"_step":4999,"Reward":-200,"Epsilon":0.050000000000000044,"_timestamp":1.754924977246262e+09,"_wandb":{"runtime":101},"_runtime":101}