{"_step":4999,"Reward":-179,"Epsilon":0.050000000000000044,"_timestamp":1.7549253933310304e+09,"_wandb":{"runtime":98},"_runtime":98}