{"_wandb":{"runtime":18},"_runtime":18,"_step":999,"Reward":-200,"Epsilon":0.050000000000000044,"_timestamp":1.7549050935321305e+09}