{"_runtime":17,"Reward":-162,"Epsilon":0.050000000000000044,"_timestamp":1.7549393171532485e+09,"_step":999,"_wandb":{"runtime":17}}