{"_wandb":{"runtime":21},"_runtime":21,"Reward":-200,"Epsilon":0.050000000000000044,"_timestamp":1.754908295286398e+09,"_step":999}