{"_wandb":{"runtime":91},"_runtime":91,"Reward":-175,"Epsilon":0.050000000000000044,"_timestamp":1.7549200617569103e+09,"_step":4999}