{"_timestamp":1.7549097433967135e+09,"_step":1999,"_wandb":{"runtime":40},"_runtime":40,"Reward":-200,"Epsilon":0.050000000000000044}