{"Reward":-200,"Epsilon":0.050000000000000044,"_wandb":{"runtime":37},"_runtime":37,"_timestamp":1.7549039982211716e+09,"_step":1999}