{"Reward":-200,"Epsilon":0.050000000000000044,"_timestamp":1.7548957436412125e+09,"_wandb":{"runtime":93},"_runtime":93,"_step":4999}