{"Reward":-200,"Epsilon":0.050000000000000044,"_timestamp":1.7549210725381236e+09,"_step":4999,"_wandb":{"runtime":98},"_runtime":98}