{"_step":499,"Reward":-200,"_wandb":{"runtime":10},"_runtime":10,"Epsilon":0.050000000000000044,"_timestamp":1.7549373358273196e+09}