{"Reward":-200,"Epsilon":0.050000000000000044,"_wandb":{"runtime":10},"_runtime":10,"_timestamp":1.7549226154367585e+09,"_step":499}