{"Epsilon":0.050000000000000044,"_wandb":{"runtime":96},"_runtime":96,"_timestamp":1.7548586488308241e+09,"_step":4999,"Reward":-200}