{"_step":4999,"Reward":-200,"Epsilon":0.050000000000000044,"_wandb":{"runtime":95},"_runtime":95,"_timestamp":1.7549069562769337e+09}