{"_timestamp":1.7549133415259717e+09,"_wandb":{"runtime":37},"_runtime":37,"_step":1999,"Reward":-200,"Epsilon":0.050000000000000044}