{"_wandb":{"runtime":97},"_runtime":97,"Epsilon":0.050000000000000044,"_timestamp":1.7549175280640373e+09,"_step":4999,"Reward":-166}