{"_timestamp":1.7549256816852374e+09,"_wandb":{"runtime":39},"_runtime":39,"_step":1999,"Reward":-200,"Epsilon":0.050000000000000044}