{"Reward":-200,"Epsilon":0.050000000000000044,"_timestamp":1.7549008793448336e+09,"_wandb":{"runtime":9},"_runtime":9,"_step":499}