{"Reward":-200,"Epsilon":0.050000000000000044,"_timestamp":1.7548964992419415e+09,"_step":422,"_wandb":{"runtime":7},"_runtime":7}