{"_step":1999,"_wandb":{"runtime":38},"_runtime":38,"Reward":-200,"Epsilon":0.050000000000000044,"_timestamp":1.7548942685778112e+09}