{"_timestamp":1.7549009560334811e+09,"_wandb":{"runtime":38},"_runtime":38,"_step":1999,"Reward":-200,"Epsilon":0.050000000000000044}