{"_step":1229,"_wandb":{"runtime":22},"_runtime":22,"Reward":-200,"Epsilon":0.050000000000000044,"_timestamp":1.754915254986421e+09}