{"Reward":-200,"Epsilon":0.050000000000000044,"_timestamp":1.7548594394428568e+09,"_step":499,"_wandb":{"runtime":8},"_runtime":8}