{"_step":4999,"_wandb":{"runtime":93},"_runtime":93,"Reward":-200,"Epsilon":0.050000000000000044,"_timestamp":1.7548615570845168e+09}