{"_wandb":{"runtime":93},"_runtime":93,"_timestamp":1.754903347052248e+09,"_step":4999,"Reward":-200,"Epsilon":0.050000000000000044}