{"Reward":-200,"Epsilon":0.050000000000000044,"_timestamp":1.7548971860765564e+09,"_wandb":{"runtime":89},"_runtime":89,"_step":4999}