{"_timestamp":1.7549271983520024e+09,"_step":999,"Reward":-200,"Epsilon":0.050000000000000044,"_wandb":{"runtime":20},"_runtime":20}