{"Reward":-200,"_wandb":{"runtime":75},"_runtime":75,"Epsilon":0.050000000000000044,"_timestamp":1.7549077266684363e+09,"_step":4108}