{"_timestamp":1.754930454848977e+09,"_wandb":{"runtime":97},"_runtime":97,"_step":4999,"Reward":-175,"Epsilon":0.050000000000000044}