{"_runtime":37,"_step":1999,"Reward":-200,"Epsilon":0.050000000000000044,"_timestamp":1.7548954497439902e+09,"_wandb":{"runtime":37}}