{"_timestamp":1.7548596508579388e+09,"_step":999,"Reward":-200,"Epsilon":0.050000000000000044,"_wandb":{"runtime":19},"_runtime":19}