{"_wandb":{"runtime":88},"_runtime":88,"Reward":-200,"Epsilon":0.050000000000000044,"_timestamp":1.754912886323984e+09,"_step":4999}