{"Epsilon":0.050000000000000044,"_timestamp":1.7549046743397126e+09,"_step":499,"_wandb":{"runtime":8},"_runtime":8,"Reward":-200}