{"Reward":-181,"Epsilon":0.050000000000000044,"_timestamp":1.7549302786949449e+09,"_step":4999,"_wandb":{"runtime":96},"_runtime":96}