{"_wandb":{"runtime":37},"_runtime":37,"_step":1999,"Reward":-200,"Epsilon":0.050000000000000044,"_timestamp":1.7549211610039222e+09}