{"_timestamp":1.7548627818716478e+09,"_wandb":{"runtime":36},"_runtime":36,"_step":1999,"Reward":-200,"Epsilon":0.050000000000000044}