{"_wandb":{"runtime":9},"_runtime":9,"Epsilon":0.050000000000000044,"_timestamp":1.7549142954589486e+09,"_step":499,"Reward":-200}