{"Reward":-200,"Epsilon":0.050000000000000044,"_timestamp":1.7548977447687936e+09,"_step":3392,"_wandb":{"runtime":62},"_runtime":62}