{"Epsilon":0.050000000000000044,"_timestamp":1.7549060027166362e+09,"_step":4999,"_wandb":{"runtime":89},"_runtime":89,"Reward":-200}