{"_wandb":{"runtime":30},"_runtime":30,"Reward":-200,"Epsilon":0.4369666666666667,"_timestamp":1.7549402605124822e+09,"_step":1778}