{"_runtime":41,"_timestamp":1.7549510370319734e+09,"_step":1999,"Reward":-200,"Epsilon":0.050000000000000044,"_wandb":{"runtime":41}}