{"_wandb":{"runtime":35},"_runtime":35,"Reward":-200,"Epsilon":0.050000000000000044,"_timestamp":1.754899238557444e+09,"_step":1999}