{"_step":4999,"_wandb":{"runtime":101},"_runtime":101,"Reward":-200,"Epsilon":0.050000000000000044,"_timestamp":1.7549098520876617e+09}