{"Reward":-200,"Epsilon":0.050000000000000044,"_timestamp":1.7549333903710587e+09,"_wandb":{"runtime":40},"_runtime":40,"_step":1999}