{"Epsilon":0.050000000000000044,"_timestamp":1.7548940616756198e+09,"_wandb":{"runtime":38},"_runtime":38,"_step":1999,"Reward":-200}