{"Epsilon":0.050000000000000044,"_timestamp":1.754929312859092e+09,"_step":4999,"_wandb":{"runtime":91},"_runtime":91,"Reward":-174}