{"_timestamp":1.7549085506239116e+09,"_step":1999,"Reward":-200,"_wandb":{"runtime":41},"_runtime":41,"Epsilon":0.050000000000000044}