{"Epsilon":0.050000000000000044,"_timestamp":1.7549082515547583e+09,"_step":4999,"_wandb":{"runtime":99},"_runtime":99,"Reward":-200}