{"_timestamp":1.7549039522685475e+09,"_step":999,"Reward":-200,"_wandb":{"runtime":18},"_runtime":18,"Epsilon":0.050000000000000044}