{"_timestamp":1.7549321325399654e+09,"_step":999,"Reward":-200,"Epsilon":0.050000000000000044,"_wandb":{"runtime":21},"_runtime":21}