{"Reward":-200,"Epsilon":0.050000000000000044,"_timestamp":1.7548600014976292e+09,"_wandb":{"runtime":95},"_runtime":95,"_step":4999}