{"_step":4999,"Reward":-186,"Epsilon":0.050000000000000044,"_wandb":{"runtime":98},"_runtime":98,"_timestamp":1.7549255920577402e+09}