{"_timestamp":1.7549321812373927e+09,"_step":1999,"Reward":-200,"Epsilon":0.050000000000000044,"_wandb":{"runtime":42},"_runtime":42}