{"Epsilon":0.050000000000000044,"_timestamp":1.754905629844443e+09,"_step":4999,"_wandb":{"runtime":93},"_runtime":93,"Reward":-200}