{"_step":1999,"Reward":-200,"_wandb":{"runtime":39},"_runtime":39,"Epsilon":0.050000000000000044,"_timestamp":1.7549207588489246e+09}