{"_timestamp":1.7548931339559252e+09,"_step":4999,"Reward":-200,"_wandb":{"runtime":97},"_runtime":97,"Epsilon":0.050000000000000044}