{"_runtime":9,"_step":499,"Reward":-200,"Epsilon":0.050000000000000044,"_timestamp":1.754938909456505e+09,"_wandb":{"runtime":9}}