{"_runtime":92,"Reward":-200,"Epsilon":0.050000000000000044,"_timestamp":1.7548639916715555e+09,"_step":4999,"_wandb":{"runtime":92}}