{"_runtime":101,"Epsilon":0.050000000000000044,"_timestamp":1.7549332970774808e+09,"_step":4999,"Reward":-200,"_wandb":{"runtime":101}}