{"_timestamp":1.7548625108928185e+09,"_step":4999,"_wandb":{"runtime":94},"_runtime":94,"Reward":-200,"Epsilon":0.050000000000000044}