{"_timestamp":1.754925787986131e+09,"_step":4999,"_wandb":{"runtime":98},"_runtime":98,"Reward":-186,"Epsilon":0.050000000000000044}