{"Reward":-200,"Epsilon":0.050000000000000044,"_wandb":{"runtime":85},"_runtime":85,"_timestamp":1.7549499226684773e+09,"_step":4183}