{"Epsilon":0.050000000000000044,"_wandb":{"runtime":91},"_runtime":91,"_timestamp":1.7549159183387966e+09,"_step":4999,"Reward":-200}