{"_runtime":9,"Reward":-168,"Epsilon":0.050000000000000044,"_timestamp":1.754923846230365e+09,"_step":499,"_wandb":{"runtime":9}}