{"_step":4999,"_wandb":{"runtime":94},"_runtime":94,"Reward":-200,"Epsilon":0.050000000000000044,"_timestamp":1.754927155952618e+09}