{"_step":4999,"Reward":-200,"Epsilon":0.050000000000000044,"_wandb":{"runtime":94},"_runtime":94,"_timestamp":1.7549177173700273e+09}