{"_runtime":19,"Reward":-200,"Epsilon":0.050000000000000044,"_timestamp":1.7548598467585168e+09,"_step":999,"_wandb":{"runtime":19}}