{"_step":4999,"Reward":-200,"Epsilon":0.050000000000000044,"_wandb":{"runtime":100},"_runtime":100,"_timestamp":1.7549314803468149e+09}