{"_runtime":97,"_timestamp":1.7548643777308264e+09,"_step":4999,"Reward":-200,"Epsilon":0.050000000000000044,"_wandb":{"runtime":97}}