{"_runtime":11,"Reward":-200,"Epsilon":0.050000000000000044,"_timestamp":1.754898628662501e+09,"_step":641,"_wandb":{"runtime":11}}