{"_step":1999,"Reward":-200,"Epsilon":0.050000000000000044,"_timestamp":1.754938981737954e+09,"_wandb":{"runtime":38},"_runtime":38}