{"_step":1999,"Reward":-200,"Epsilon":0.050000000000000044,"_timestamp":1.7548926600065947e+09,"_wandb":{"runtime":36},"_runtime":36}