{"_wandb":{"runtime":18},"_runtime":18,"Reward":-181,"Epsilon":0.050000000000000044,"_timestamp":1.7549395152647443e+09,"_step":999}