{"Epsilon":0.050000000000000044,"_timestamp":1.7548644218344228e+09,"_wandb":{"runtime":19},"_runtime":19,"_step":999,"Reward":-200}