{"_runtime":38,"Reward":-200,"Epsilon":0.050000000000000044,"_timestamp":1.7549161106583822e+09,"_step":1999,"_wandb":{"runtime":38}}