{"_step":999,"_wandb":{"runtime":19},"_runtime":19,"Reward":-200,"Epsilon":0.050000000000000044,"_timestamp":1.754900608252344e+09}