{"Reward":-200,"Epsilon":0.050000000000000044,"_wandb":{"runtime":93},"_runtime":93,"_timestamp":1.7548966440525496e+09,"_step":4999}