{"_wandb":{"runtime":67},"_runtime":67,"Reward":-200,"Epsilon":0.12980000000000003,"_timestamp":1.7549380885476441e+09,"_step":3664}