{"_runtime":36,"Reward":-200,"Epsilon":0.050000000000000044,"_timestamp":1.7548990489353163e+09,"_step":1999,"_wandb":{"runtime":36}}