{"Epsilon":0.07976666666666665,"_wandb":{"runtime":26},"_runtime":26,"_timestamp":1.7549298847942526e+09,"_step":1453,"Reward":-200}