{"Epsilon":0.050000000000000044,"_timestamp":1.754929900038041e+09,"_step":499,"Reward":-200,"_wandb":{"runtime":10},"_runtime":10}