{"_timestamp":1.7549528596088662e+09,"_step":999,"_wandb":{"runtime":18},"_runtime":18,"Reward":-165,"Epsilon":0.050000000000000044}