{"_wandb":{"runtime":17},"_runtime":17,"_timestamp":1.75489816226056e+09,"_step":999,"Reward":-200,"Epsilon":0.050000000000000044}