{"Reward":-193,"Epsilon":0.050000000000000044,"_timestamp":1.7549303537303367e+09,"_wandb":{"runtime":38},"_runtime":38,"_step":1999}