{"Epsilon":0.050000000000000044,"_timestamp":1.7549470091560278e+09,"_step":1999,"_wandb":{"runtime":38},"_runtime":38,"Reward":-200}