{"_timestamp":1.7549386904518197e+09,"_wandb":{"runtime":99},"_runtime":99,"_step":4999,"Reward":-200,"Epsilon":0.050000000000000044}