{"_timestamp":1.7549050497726808e+09,"_wandb":{"runtime":96},"_runtime":96,"_step":4999,"Reward":-200,"Epsilon":0.050000000000000044}