{"_wandb":{"runtime":98},"_runtime":98,"Reward":-200,"Epsilon":0.050000000000000044,"_timestamp":1.7549232342262757e+09,"_step":4999}