{"_timestamp":1.7549494373866093e+09,"_step":815,"Reward":-200,"Epsilon":0.3547916666666666,"_wandb":{"runtime":14},"_runtime":14}