{"_runtime":9,"Epsilon":0.050000000000000044,"_timestamp":1.754909281550434e+09,"_step":499,"Reward":-200,"_wandb":{"runtime":9}}