{"_step":499,"_wandb":{"runtime":9},"_runtime":9,"Reward":-174,"Epsilon":0.050000000000000044,"_timestamp":1.7549526967113855e+09}