{"_wandb":{"runtime":102},"_runtime":102,"Reward":-200,"Epsilon":0.050000000000000044,"_timestamp":1.75494894623264e+09,"_step":4999}