{"_wandb":{"runtime":9},"_runtime":9,"Reward":-200,"Epsilon":0.050000000000000044,"_timestamp":1.754907885890431e+09,"_step":499}