{"_wandb":{"runtime":40},"_runtime":40,"_timestamp":1.75493838684863e+09,"_step":1999,"Reward":-200,"Epsilon":0.050000000000000044}