{"_wandb":{"runtime":39},"_runtime":39,"Epsilon":0.050000000000000044,"_timestamp":1.7549446633268995e+09,"_step":1999,"Reward":-200}