{"_wandb":{"runtime":10},"_runtime":10,"_timestamp":1.754951365506617e+09,"_step":499,"Reward":-200,"Epsilon":0.050000000000000044}