{"_wandb":{"runtime":10},"_runtime":10,"Reward":-200,"Epsilon":0.050000000000000044,"_timestamp":1.7549259937697792e+09,"_step":499}