{"_step":999,"Reward":-200,"Epsilon":0.050000000000000044,"_wandb":{"runtime":18},"_runtime":18,"_timestamp":1.7549131145267901e+09}