{"_wandb":{"runtime":20},"_runtime":20,"Epsilon":0.050000000000000044,"_timestamp":1.7549490125826154e+09,"_step":999,"Reward":-200}