{"Epsilon":0.050000000000000044,"_timestamp":1.7549234787999728e+09,"_step":999,"_wandb":{"runtime":19},"_runtime":19,"Reward":-200}