{"Epsilon":0.050000000000000044,"_timestamp":1.7549507332339227e+09,"_wandb":{"runtime":99},"_runtime":99,"_step":4999,"Reward":-200}