{"_runtime":22,"Reward":-200,"Epsilon":0.050000000000000044,"_timestamp":1.754951527102829e+09,"_step":999,"_wandb":{"runtime":22}}