{"_wandb":{"runtime":37},"_runtime":37,"Reward":-200,"Epsilon":0.050000000000000044,"_timestamp":1.7548922888878171e+09,"_step":1999}