{"Reward":-200,"Epsilon":0.050000000000000044,"_timestamp":1.7548982048160393e+09,"_step":1942,"_wandb":{"runtime":33},"_runtime":33}