{"Epsilon":0.050000000000000044,"_timestamp":1.7549117956705186e+09,"_wandb":{"runtime":9},"_runtime":9,"_step":499,"Reward":-200}