{"_runtime":35,"_step":1999,"Reward":-200,"Epsilon":0.050000000000000044,"_timestamp":1.7549024797413344e+09,"_wandb":{"runtime":35}}