{"_wandb":{"runtime":19},"_runtime":19,"_timestamp":1.754947160126802e+09,"_step":999,"Reward":-200,"Epsilon":0.050000000000000044}