{"_wandb":{"runtime":19},"_runtime":19,"_step":999,"Reward":-200,"Epsilon":0.050000000000000044,"_timestamp":1.7549152240951357e+09}