{"_wandb":{"runtime":35},"_runtime":35,"Epsilon":0.050000000000000044,"_timestamp":1.754892844374493e+09,"_step":1999,"Reward":-200}