{"_runtime":97,"Reward":-200,"Epsilon":0.050000000000000044,"_timestamp":1.754934262582359e+09,"_step":4999,"_wandb":{"runtime":97}}