{"_wandb":{"runtime":36},"_runtime":36,"_timestamp":1.754911673415419e+09,"_step":1999,"Reward":-200,"Epsilon":0.050000000000000044}