{"Epsilon":0.050000000000000044,"_timestamp":1.7549289438385992e+09,"_wandb":{"runtime":94},"_runtime":94,"_step":4999,"Reward":-176}