{"Epsilon":0.050000000000000044,"_timestamp":1.7549228478085055e+09,"_step":999,"_wandb":{"runtime":20},"_runtime":20,"Reward":-200}