{"_step":1999,"Reward":-200,"Epsilon":0.050000000000000044,"_wandb":{"runtime":38},"_runtime":38,"_timestamp":1.7549484320158324e+09}