{"_runtime":92,"Reward":-177,"Epsilon":0.050000000000000044,"_timestamp":1.75492912808517e+09,"_step":4999,"_wandb":{"runtime":92}}