{"_step":4999,"_wandb":{"runtime":95},"_runtime":95,"Reward":-176,"Epsilon":0.050000000000000044,"_timestamp":1.7549240180865486e+09}