{"_step":1999,"Reward":-200,"Epsilon":0.050000000000000044,"_timestamp":1.7549486307358162e+09,"_wandb":{"runtime":40},"_runtime":40}