{"_timestamp":1.7549178017643807e+09,"_wandb":{"runtime":35},"_runtime":35,"_step":1771,"Reward":-200,"Epsilon":0.050000000000000044}