{"_timestamp":1.754905530839547e+09,"_step":1999,"_wandb":{"runtime":36},"_runtime":36,"Reward":-200,"Epsilon":0.050000000000000044}