{"Epsilon":0.050000000000000044,"_timestamp":1.7549477767567575e+09,"_step":999,"Reward":-200,"_wandb":{"runtime":19},"_runtime":19}