{"Epsilon":0.050000000000000044,"_timestamp":1.754861448384751e+09,"_step":1999,"_wandb":{"runtime":37},"_runtime":37,"Reward":-200}