{"Epsilon":0.050000000000000044,"_wandb":{"runtime":99},"_runtime":99,"_timestamp":1.75492775757125e+09,"_step":4999,"Reward":-200}