{"_step":499,"Reward":-136,"Epsilon":0.050000000000000044,"_timestamp":1.754935096622102e+09,"_wandb":{"runtime":9},"_runtime":9}