{"Epsilon":0.050000000000000044,"_timestamp":1.7549387073935752e+09,"_step":499,"Reward":-200,"_wandb":{"runtime":9},"_runtime":9}