{"_timestamp":1.7549073946816437e+09,"_step":999,"Reward":-200,"Epsilon":0.050000000000000044,"_wandb":{"runtime":18},"_runtime":18}