{"_wandb":{"runtime":19},"_runtime":19,"_timestamp":1.754895361870344e+09,"_step":1127,"Reward":-200,"Epsilon":0.28623333333333345}