{"_wandb":{"runtime":43},"_runtime":43,"Reward":-200,"Epsilon":0.24158333333333337,"_timestamp":1.7549459291963916e+09,"_step":2395}