{"_timestamp":1.7549266182209585e+09,"_step":999,"_wandb":{"runtime":17},"_runtime":17,"Reward":-200,"Epsilon":0.050000000000000044}