{"_wandb":{"runtime":19},"_runtime":19,"Reward":-200,"Epsilon":0.050000000000000044,"_timestamp":1.754915027995462e+09,"_step":999}