{"Epsilon":0.050000000000000044,"_timestamp":1.754913820522055e+09,"_wandb":{"runtime":17},"_runtime":17,"_step":999,"Reward":-200}