{"_step":999,"_wandb":{"runtime":18},"_runtime":18,"Reward":-200,"Epsilon":0.050000000000000044,"_timestamp":1.754863662885584e+09}