{"_step":1999,"_wandb":{"runtime":41},"_runtime":41,"Reward":-197,"Epsilon":0.050000000000000044,"_timestamp":1.7549370066266408e+09}