{"_wandb":{"runtime":38},"_runtime":38,"_step":1999,"Reward":-200,"Epsilon":0.050000000000000044,"_timestamp":1.754902866527904e+09}