{"_timestamp":1.7549477250520656e+09,"_step":4999,"_wandb":{"runtime":100},"_runtime":100,"Reward":-200,"Epsilon":0.050000000000000044}