{"_wandb":{"runtime":17},"_runtime":17,"_step":999,"Reward":-200,"Epsilon":0.050000000000000044,"_timestamp":1.754900209730437e+09}