{"_runtime":130,"_step":4999,"Reward":-200,"Epsilon":0.050000000000000044,"_timestamp":1.7549337366532242e+09,"_wandb":{"runtime":130}}