{"_step":5,"Reward":-200,"_wandb":{"runtime":0},"_runtime":0,"Epsilon":0.988125,"_timestamp":1.7549118295805569e+09}