{"Reward":-173,"Epsilon":0.050000000000000044,"_wandb":{"runtime":98},"_runtime":98,"_timestamp":1.7549285599325194e+09,"_step":4999}