{"_step":1999,"_wandb":{"runtime":37},"_runtime":37,"Reward":-200,"Epsilon":0.050000000000000044,"_timestamp":1.7549076370195117e+09}