{"Epsilon":0.050000000000000044,"_timestamp":1.7548632929193187e+09,"_wandb":{"runtime":18},"_runtime":18,"_step":999,"Reward":-160}