{"_runtime":18,"Epsilon":0.050000000000000044,"_timestamp":1.7549397708454912e+09,"_step":999,"Reward":-192,"_wandb":{"runtime":18}}