{"_runtime":37,"Reward":-200,"Epsilon":0.050000000000000044,"_timestamp":1.7548998900463133e+09,"_step":1999,"_wandb":{"runtime":37}}