{"Reward":-200,"Epsilon":0.9992083333333334,"_timestamp":1.7548957942881925e+09,"_step":1,"_wandb":{"runtime":0},"_runtime":0}