{"_step":302,"_wandb":{"runtime":5},"_runtime":5,"Reward":-200,"Epsilon":0.050000000000000044,"_timestamp":1.7549514993178377e+09}