{"_step":999,"_wandb":{"runtime":18},"_runtime":18,"Reward":-200,"Epsilon":0.050000000000000044,"_timestamp":1.7549119757687178e+09}