{"Reward":-200,"Epsilon":0.050000000000000044,"_timestamp":1.754910056705885e+09,"_step":4999,"_wandb":{"runtime":99},"_runtime":99}