{"Epsilon":0.050000000000000044,"_timestamp":1.7549298498399124e+09,"_step":1999,"_wandb":{"runtime":40},"_runtime":40,"Reward":-200}