{"_wandb":{"runtime":38},"_runtime":38,"_timestamp":1.7549197743200288e+09,"_step":1999,"Reward":-183,"Epsilon":0.050000000000000044}