{"_wandb":{"runtime":37},"_runtime":37,"_timestamp":1.7549032481532164e+09,"_step":1999,"Reward":-200,"Epsilon":0.050000000000000044}