{"_runtime":36,"Reward":-123,"Epsilon":0.050000000000000044,"_timestamp":1.7549523695129933e+09,"_step":1999,"_wandb":{"runtime":36}}