{"Epsilon":0.050000000000000044,"_timestamp":1.754953224413138e+09,"_wandb":{"runtime":96},"_runtime":96,"_step":4999,"Reward":-200}