{"Reward":-200,"Epsilon":0.050000000000000044,"_timestamp":1.7549401277088118e+09,"_wandb":{"runtime":98},"_runtime":98,"_step":4999}