{"_runtime":20,"_step":999,"Reward":-200,"Epsilon":0.050000000000000044,"_timestamp":1.754945001754263e+09,"_wandb":{"runtime":20}}