{"_timestamp":1.7548947254814012e+09,"_step":4999,"_wandb":{"runtime":93},"_runtime":93,"Reward":-200,"Epsilon":0.050000000000000044}