{"_step":4999,"Reward":-200,"Epsilon":0.050000000000000044,"_timestamp":1.754939088291981e+09,"_wandb":{"runtime":98},"_runtime":98}