{"Epsilon":0.050000000000000044,"_wandb":{"runtime":10},"_runtime":10,"_timestamp":1.7549214791071265e+09,"_step":499,"Reward":-200}