{"_timestamp":1.7549003660874226e+09,"_step":4999,"_wandb":{"runtime":90},"_runtime":90,"Reward":-200,"Epsilon":0.050000000000000044}