{"_step":784,"Reward":-200,"_wandb":{"runtime":14},"_runtime":14,"Epsilon":0.050000000000000044,"_timestamp":1.7549110824718077e+09}