{"Reward":-200,"Epsilon":0.050000000000000044,"_timestamp":1.7549525672692866e+09,"_step":1999,"_wandb":{"runtime":38},"_runtime":38}