{"_runtime":99,"Reward":-200,"Epsilon":0.050000000000000044,"_timestamp":1.7549265721835694e+09,"_step":4999,"_wandb":{"runtime":99}}