{"_wandb":{"runtime":17},"_runtime":17,"Reward":-200,"Epsilon":0.050000000000000044,"_timestamp":1.7549079097831051e+09,"_step":999}