{"Reward":-200,"Epsilon":0.050000000000000044,"_timestamp":1.7549071835813751e+09,"_step":999,"_wandb":{"runtime":19},"_runtime":19}