{"_step":999,"_wandb":{"runtime":16},"_runtime":16,"Reward":-156,"Epsilon":0.050000000000000044,"_timestamp":1.7549012845310912e+09}