{"_step":999,"Reward":-200,"Epsilon":0.050000000000000044,"_timestamp":1.7549446176244006e+09,"_wandb":{"runtime":19},"_runtime":19}