{"_runtime":19,"_timestamp":1.754933342365425e+09,"_step":999,"Reward":-200,"Epsilon":0.050000000000000044,"_wandb":{"runtime":19}}