{"_wandb":{"runtime":45},"_runtime":45,"_step":2639,"Reward":-200,"Epsilon":0.050000000000000044,"_timestamp":1.754907869097511e+09}