{"_timestamp":1.754894379244928e+09,"_wandb":{"runtime":96},"_runtime":96,"_step":4999,"Reward":-200,"Epsilon":0.050000000000000044}