{"_step":499,"Reward":-200,"Epsilon":0.050000000000000044,"_timestamp":1.754903548841202e+09,"_wandb":{"runtime":9},"_runtime":9}