{"Reward":-200,"Epsilon":0.050000000000000044,"_timestamp":1.7549137722641277e+09,"_step":4999,"_wandb":{"runtime":91},"_runtime":91}