{"_wandb":{"runtime":8},"_runtime":8,"Epsilon":0.050000000000000044,"_timestamp":1.754913795692415e+09,"_step":499,"Reward":-200}