{"Epsilon":0.050000000000000044,"_timestamp":1.7548938340036209e+09,"_step":999,"_wandb":{"runtime":17},"_runtime":17,"Reward":-200}