{"_step":2070,"_wandb":{"runtime":36},"_runtime":36,"Reward":-200,"Epsilon":0.050000000000000044,"_timestamp":1.7549008647671187e+09}