{"Reward":-200,"Epsilon":0.050000000000000044,"_wandb":{"runtime":97},"_runtime":97,"_timestamp":1.7549281560445037e+09,"_step":4999}