{"_wandb":{"runtime":11},"_runtime":11,"Reward":-200,"Epsilon":0.7564833333333333,"_timestamp":1.7548937951529617e+09,"_step":769}