{"_timestamp":1.7549368071182904e+09,"_step":1999,"_wandb":{"runtime":38},"_runtime":38,"Reward":-200,"Epsilon":0.050000000000000044}