{"Epsilon":0.050000000000000044,"_timestamp":1.7549033883917298e+09,"_step":999,"_wandb":{"runtime":18},"_runtime":18,"Reward":-200}