{"Epsilon":0.050000000000000044,"_timestamp":1.754920671750567e+09,"_wandb":{"runtime":100},"_runtime":100,"_step":4999,"Reward":-200}