{"_wandb":{"runtime":101},"_runtime":101,"_timestamp":1.7549441535598626e+09,"_step":4999,"Reward":-200,"Epsilon":0.050000000000000044}