{"_step":999,"Reward":-200,"_wandb":{"runtime":20},"_runtime":20,"Epsilon":0.050000000000000044,"_timestamp":1.7549335502457952e+09}