{"_runtime":8,"Epsilon":0.050000000000000044,"_timestamp":1.7549397444924982e+09,"_step":499,"Reward":-198,"_wandb":{"runtime":8}}