{"_step":499,"_wandb":{"runtime":9},"_runtime":9,"Reward":-101,"Epsilon":0.050000000000000044,"_timestamp":1.7549465372835505e+09}