{"Reward":-200,"Epsilon":0.050000000000000044,"_wandb":{"runtime":105},"_runtime":105,"_timestamp":1.75493168095761e+09,"_step":4999}