{"_wandb":{"runtime":20},"_runtime":20,"_step":999,"Reward":-200,"Epsilon":0.050000000000000044,"_timestamp":1.7549440140685349e+09}