{"_timestamp":1.7549309737839751e+09,"_step":1999,"Reward":-200,"_wandb":{"runtime":39},"_runtime":39,"Epsilon":0.050000000000000044}