{"_wandb":{"runtime":10},"_runtime":10,"_step":499,"Reward":-200,"Epsilon":0.050000000000000044,"_timestamp":1.7549082688931718e+09}