{"_wandb":{"runtime":95},"_runtime":95,"_timestamp":1.7549520596815307e+09,"_step":4999,"Reward":-200,"Epsilon":0.050000000000000044}