{"Reward":-155,"Epsilon":0.050000000000000044,"_timestamp":1.7549007809502866e+09,"_wandb":{"runtime":17},"_runtime":17,"_step":999}