{"Reward":-184,"Epsilon":0.050000000000000044,"_timestamp":1.7549473406315262e+09,"_wandb":{"runtime":9},"_runtime":9,"_step":499}