{"Epsilon":0.050000000000000044,"_timestamp":1.7549138693650365e+09,"_step":1999,"_wandb":{"runtime":35},"_runtime":35,"Reward":-200}