{"Epsilon":0.050000000000000044,"_wandb":{"runtime":39},"_runtime":39,"_timestamp":1.754908956228935e+09,"_step":1999,"Reward":-200}