{"_timestamp":1.754945049504349e+09,"_step":1999,"Reward":-200,"_wandb":{"runtime":42},"_runtime":42,"Epsilon":0.050000000000000044}