{"_step":999,"Reward":-200,"Epsilon":0.050000000000000044,"_timestamp":1.7549315220841846e+09,"_wandb":{"runtime":20},"_runtime":20}