{"_timestamp":1.7548939901410098e+09,"_wandb":{"runtime":9},"_runtime":9,"_step":499,"Reward":-200,"Epsilon":0.050000000000000044}