{"_runtime":38,"_timestamp":1.7549341497711513e+09,"_step":1999,"Reward":-200,"Epsilon":0.050000000000000044,"_wandb":{"runtime":38}}