{"_timestamp":1.754908476015657e+09,"_step":499,"Reward":-200,"Epsilon":0.050000000000000044,"_wandb":{"runtime":10},"_runtime":10}