{"_runtime":9,"_timestamp":1.754929328879001e+09,"_step":499,"Reward":-189,"Epsilon":0.050000000000000044,"_wandb":{"runtime":9}}