{"_step":1999,"Reward":-200,"Epsilon":0.050000000000000044,"_timestamp":1.7548959879118075e+09,"_wandb":{"runtime":35},"_runtime":35}