{"_timestamp":1.7549477500100472e+09,"_wandb":{"runtime":9},"_runtime":9,"_step":499,"Reward":-171,"Epsilon":0.050000000000000044}