{"_step":999,"Reward":-200,"_wandb":{"runtime":19},"_runtime":19,"Epsilon":0.050000000000000044,"_timestamp":1.7549222996051545e+09}