{"Epsilon":0.050000000000000044,"_timestamp":1.7549318821786423e+09,"_step":4999,"Reward":-200,"_wandb":{"runtime":99},"_runtime":99}