{"_step":999,"Reward":-200,"Epsilon":0.050000000000000044,"_timestamp":1.754861402708617e+09,"_wandb":{"runtime":18},"_runtime":18}