{"_step":4999,"Reward":-200,"_wandb":{"runtime":93},"_runtime":93,"Epsilon":0.050000000000000044,"_timestamp":1.7548968294749086e+09}