{"_wandb":{"runtime":9},"_runtime":9,"_timestamp":1.75489507075101e+09,"_step":499,"Reward":-200,"Epsilon":0.050000000000000044}