{"_step":999,"Reward":-175,"Epsilon":0.050000000000000044,"_timestamp":1.7549523249942868e+09,"_wandb":{"runtime":18},"_runtime":18}