{"_timestamp":1.7548968643189166e+09,"_step":685,"Reward":-200,"_wandb":{"runtime":12},"_runtime":12,"Epsilon":0.050000000000000044}