{"_step":1999,"_wandb":{"runtime":36},"_runtime":36,"Reward":-200,"Epsilon":0.050000000000000044,"_timestamp":1.7549158206994545e+09}