{"Epsilon":0.050000000000000044,"_wandb":{"runtime":98},"_runtime":98,"_timestamp":1.7549016273235946e+09,"_step":4999,"Reward":-200}