{"Reward":-200,"Epsilon":0.050000000000000044,"_timestamp":1.7548945412381291e+09,"_wandb":{"runtime":67},"_runtime":67,"_step":3655}