{"Reward":-200,"Epsilon":0.050000000000000044,"_timestamp":1.754943986508679e+09,"_wandb":{"runtime":10},"_runtime":10,"_step":499}